y_train,y_train_pred
12.4,9.454790275930367
15.222222,30.159365668007656
112.0,184.82827427257004
9.955556,41.61423048921107
14.911111,60.071767858968336
228.688889,205.50916966723804
51.488889,43.93925903464441
14.022222,24.431960591072883
16.911111,29.721126736211264
161.933333,136.3742505237268
32.2,45.009383402922026
241.533333,267.19071347441076
234.688889,159.9458314547614
64.177778,66.74759078443279
32.577778,53.41901897367057
72.266667,48.39061369399105
2.084821,8.998327264047886
407.555556,368.7282151587827
158.977778,145.81451656292734
54.533333,31.067983276079413
93.622222,177.2274083178866
17.488889,22.393153938730887
50.066667,22.44009176718631
303.111111,252.0638671070011
41.644444,85.45491634624743
40.488889,53.93464355312288
116.2,76.05968558157112
20.111111,29.67780754862205
176.355556,161.18467095275892
21.6,30.109709239005614
168.8,106.35434533196572
90.288889,55.12985356872332
223.444444,141.3508862536065
55.844444,35.453591652449134
278.177778,259.55379526229194
224.444444,303.86998558359727
37.533333,61.713976734866044
81.977778,102.47385630552725
35.355556,15.329818542258554
4.350694,11.627147230374895
31.977778,32.00565031232138
8.844444,11.348435106829179
114.422222,96.582487743486
104.822222,157.53505736022373
4.269444,13.424735134546518
59.488889,112.401228597874
993.844444,902.8452239058461
6.311111,13.572003630732484
47.8,34.02299260327593
8.088889,13.97964147267439
77.111111,69.57698618577592
109.8,108.88850806633995
100.488889,110.82807390599594
103.622222,67.8515672054951
186.933333,195.6691444585923
248.377778,175.7911322101321
79.669444,67.11596133069074
13.777778,63.86933140104482
14.85,19.91685528588307
56.088889,35.99911378044254
135.977778,130.36341063356375
29.2,22.373586575059395
12.977778,4.8159640941193995
6.777778,8.869847003075703
186.444444,194.03460532770356
53.155556,75.98262028322188
167.977778,143.67938233851376
166.511111,76.43751047636087
309.688889,181.63941778995172
48.933333,178.5420943736125
88.666667,43.59719974836193
6.1,77.90460726261801
12.944444,33.37211780808698
3.477381,12.587673596902242
8.777778,17.297536031214012
28.577778,9.615210215645588
18.8,97.8831193642196
23.6,36.75789782490477
180.888889,138.2857805132334
38.288889,55.113157057086035
72.711111,41.74538399186316
106.066667,54.12941500433498
26.355556,35.11577867570935
82.688889,110.68650246808761
131.422222,185.02426272116145
77.222222,75.27929452932203
1431.911111,888.0830046827435
60.955556,86.76773199253634
15.111111,11.437186893796252
80.311111,60.260131636953176
87.244444,97.24753446058327
24.622222,20.507183719646868
223.222222,244.98572302988381
49.555556,53.59914186195816
20.311111,30.110934730511037
174.177778,143.3348052232604
89.066667,105.65584711454393
16.444444,21.4171457746883
109.644444,111.6157335647623
11.022222,12.228326240775653
20.755556,80.0808908479476
80.733333,156.44518946273115
118.2,143.16989851723926
141.422222,181.89760869001114
23.733333,26.790825647686802
243.044444,230.10014002943763
63.044444,76.14830396289486
107.822222,121.8717928775272
28.911111,26.268603810775613
23.244444,24.094514363502835
128.155556,99.15530900255982
96.733333,66.94984381380613
34.111111,77.48787709778094
83.733333,197.53761223939344
152.6,152.78492446376362
31.688889,28.14823024145006
18.966667,29.47885973923627
14.622222,12.256891799840743
9.511111,22.159561038959463
59.941667,101.01236638161733
286.422222,286.66351319454253
9.133333,37.88862804377056
181.2,143.23782080353354
2.564286,9.527219316376726
90.222222,87.78337750732923
64.155556,38.41705768626167
90.955556,64.38721817473788
71.6,64.1046994909211
157.222222,110.63473267840588
477.244444,500.06401243927723
7.266667,41.69886253556505
85.911111,144.73189387614977
20.733333,26.18430697794901
428.066667,393.3088519150994
36.622222,29.709303640625386
99.866667,103.56630601027099
12.644444,27.99107999138327
70.555556,27.417197767125675
17.355556,48.32230054651583
143.733333,77.56936886453909
11.822222,10.817497113526795
5.124206,19.560387318969173
13.355556,12.051301449514673
23.533333,21.08495658259592
76.6,58.501003195924774
4.280556,12.116374643034492
130.533333,163.22079216291692
12.555556,27.197586020655688
5.244444,17.81704874209128
17.377778,49.8623830825782
16.688889,29.546720515152494
259.244444,238.6050285611862
10.444444,17.187508586175035
11.177778,11.312085107408544
121.2,80.83229674430257
2.314286,19.095411686445686
43.555556,42.09391886433855
25.111111,25.849198210158786
48.622222,111.46281985232623
83.888889,67.58838419826147
4.259524,13.02692607476558
192.088889,186.200948615454
44.333333,60.4943334737893
16.977778,41.60042995166462
39.911111,94.93066931673621
168.2,93.78039320991596
15.333333,69.3270486076576
31.555556,24.456006280177956
4.252778,36.071631525219814
30.2,48.75936357505285
96.6,164.99159661555873
13.044444,14.394941572678606
90.844444,48.949818959378696
296.288889,292.1779136414746
22.644444,39.924619602566985
193.0,193.85176162701774
16.644444,11.099424472967357
120.755556,150.40149009567176
80.555556,63.04945392183799
36.288889,16.294960857004746
67.955556,74.2977658969965
209.2,275.92299672963253
10.511111,26.337686088848248
25.755556,82.3610366994042
23.555556,50.45053988618829
8.733333,19.293539347914066
5.427778,13.504256208255331
31.825,13.409140800062161
4.555556,11.553881614122298
63.311111,29.32356931387551
455.622222,423.02143454866956
213.533333,177.20418879118887
177.911111,184.563087744737
206.866667,132.80665123523914
52.666667,35.1746161277928
8.933333,14.560993119789714
4.383333,12.289419484754491
6.244444,10.192226601938842
124.6,126.63356272373147
265.977778,231.96436834288176
43.955556,103.51703291458466
31.688889,27.298177912929688
67.977778,77.98897010781396
15.6,43.507545943567465
59.0,48.86724988558622
16.333333,22.902519538324125
55.688889,42.86392706233865
41.511111,51.08380562175866
55.444444,41.760081295480205
104.666667,88.86758600070485
135.022222,63.640498101213296
137.2,211.1553634424942
13.044444,14.154676132624957
57.066667,45.76969866869228
97.311111,161.8919462567684
293.866667,136.14437420346454
32.333333,13.51580149261539
5.749206,11.754084077920876
134.377778,176.2929210700008
251.888889,173.3859304045068
11.111111,21.906909217136967
8.066667,12.554041077627662
81.066667,89.45720258677107
76.888889,98.42781399252368
3.636111,12.06142441655411
27.133333,21.0110356149608
69.222222,39.303175482048715
106.977778,73.11145367366511
16.133333,12.763216382174404
45.711111,33.52465829706156
14.177778,13.668558048628894
61.888889,13.998889245641417
79.466667,127.21523456964265
12.111111,13.368889460533643
30.688889,32.294325462289095
12.0,21.415943928904227
418.066667,450.39753294526724
212.311111,248.03047731761066
112.577778,61.15098484700904
194.933333,200.13751401784012
72.2,80.10086514275692
17.244444,50.89139265797293
17.444444,23.505811851966865
131.066667,98.90019173606419
7.763889,12.042220566645867
166.8,131.55544819747806
66.777778,60.8766046463146
37.444444,22.435790243327347
351.711111,311.8683754826692
382.244444,284.8796708439444
11.0,31.48749609023141
12.088889,33.81892078127763
111.155556,88.37903892781495
72.844444,39.41164691791887
102.425,94.15565322719976
10.733333,11.529551041999508
40.333333,35.69592032496006
5.066667,30.232643031002464
107.177778,136.14174592218822
190.066667,192.3416040347146
5.177778,10.253687288194415
148.911111,249.04300623708625
266.022222,187.77463406790176
96.066667,153.3274268569291
82.333333,129.05852780704924
22.8,28.78835014172641
20.422222,12.747372548564652
845.244444,1012.2499627106247
172.044444,120.37406620442678
166.466667,196.16000671944835
36.8,55.87352414108043
86.8,51.03868140183575
8.777778,11.395883040154866
132.888889,144.4514139769105
36.0,51.34323976798739
342.177778,312.33553168906485
157.577778,69.17543490736622
79.555556,59.00570692669432
227.622222,123.19630824494986
2.857143,19.731129715351543
26.044444,63.85474346052504
160.733333,157.0851546069887
57.4,19.749241955711263
4.394444,8.924339826942642
29.377778,31.8869682467345
73.977778,66.87869790737763
107.866667,127.81409214287814
13.488889,27.969398446317644
8.488889,9.581900588516806
74.244444,69.24963820865432
22.244444,28.933338137775063
165.022222,105.60673042333227
41.555556,42.66153919708073
5.452778,13.373158751006665
244.311111,189.62772594289964
163.088889,98.46258733025554
45.977778,46.19275562658824
194.222222,203.4702819870201
7.311111,14.077433409730883
175.088889,148.47816160048572
9.797222,35.976167493574515
246.288889,291.1268989665453
45.2,142.62200586165727
39.577778,64.8689169230967
247.088889,136.19487527804608
110.866667,124.6073401043201
160.755556,170.34330554582212
4.402778,12.683110143271241
142.333333,120.1808030393276
8.908333,11.839679507415404
17.088889,37.25671397848432
4.777778,14.001237413306729
59.486111,80.69207459050251
30.244444,35.28939644003551
11.8,27.953774826861455
164.866667,151.40925634165498
63.133333,158.93728039168215
110.244444,105.65446049723742
34.022222,66.56964271299684
241.955556,215.75443037929512
45.422222,62.03783162780739
24.577778,43.178140444982056
437.8,334.13724647879883
362.377778,249.44753708363024
149.533333,162.09870973720038
8.955556,15.789459718029198
48.533333,88.39981956667035
177.133333,294.4864115964641
18.977778,16.074322112691704
52.888889,67.87721440048684
14.577778,12.042234183347047
167.666667,179.8523412119177
2.933036,11.573205384054168
3.227778,12.708712674401776
225.711111,217.3153860407833
14.244444,34.053940789245495
3.461111,25.233237050951864
3.438889,10.960496574248385
4.513889,18.937825411310047
144.511111,157.60099890260975
98.436111,148.79758172988065
30.4,25.10954463110288
2.612302,6.653379803234567
56.577778,60.14274761443285
65.2,137.71363843155592
201.2,177.6383236794436
44.755556,35.34537359923282
54.222222,28.686073039777263
71.644444,40.71829790189432
38.022222,14.15492039760569
30.911111,25.542716860959985
128.022222,145.40650175724417
10.088889,11.267658343136691
2.663194,23.692259271158388
2.282937,9.357010765676732
36.955556,29.887598150054444
46.311111,77.79209833036455
41.155556,80.42747018624185
112.822222,11.801240699697582
157.066667,203.49011160918556
95.755556,130.08159962970936
20.288889,22.530620733598333
36.044444,33.296065062256105
53.8,69.46875751612822
16.511111,18.46836177121398
34.133333,36.49830291763202
245.577778,209.08445343733786
19.844444,55.06345539536444
7.444444,21.57707676080276
317.577778,283.6990127727674
195.733333,126.76757963223521
5.288889,11.563331102403648
19.422222,12.725884893626786
557.422222,558.1772063891027
37.244444,54.58674696503723
11.733333,104.5280161951002
208.488889,164.03620567583437
7.345734,11.97061065304749
12.311111,14.76548537764268
28.6,54.27332186619724
135.622222,93.09934804330496
296.511111,224.47839846855774
54.422222,180.90724530637164
6.544444,10.385966302164523
129.866667,116.19969928874751
5.111111,22.82191621706028
23.622222,22.993752962767424
35.133333,48.959075677939595
2.171429,12.462722847960375
276.6,320.3133877303178
87.177778,91.75058434368064
10.266667,10.193104705164371
28.577778,18.301578265129194
322.288889,255.5763867487577
282.488889,191.7995278191244
42.444444,33.56272000278533
245.933333,190.32554238580875
52.488889,11.625727912219103
102.222222,73.1269679497732
2.980556,10.395191943589099
46.711111,55.206581323206805
90.511111,33.72803533988699
39.955556,27.01576357553322
48.488889,29.698839559510603
11.422222,9.341842311906946
10.122222,28.222383027005222
86.177778,130.7402325356274
420.022222,383.8237965824498
13.244444,13.551917357081994
138.666667,157.4927932162014
178.088889,201.66153058880636
30.422222,45.82716529146931
5.188889,18.064226174711468
224.577778,148.47443509424403
4.097222,11.812523277190294
4.513889,9.359839167109495
48.333333,27.072102493137816
29.288889,26.101277473628425
38.377778,25.525608320974396
9.688889,10.13373737171673
2.620238,11.213922789202037
4.308333,12.10930553219121
43.777778,40.84561498031261
29.955556,48.40904299704655
10.488889,13.169515768510989
304.822222,189.69200255206604
12.205556,15.865380252009219
55.644444,83.7359857735892
6.8,30.720513547344815
3.516667,19.449797100237813
13.666667,12.539703891985976
118.888889,188.4784912726859
477.8,500.40591616432596
239.244444,210.48637133741917
113.6,133.1874422294516
90.844444,102.88531256397947
186.333333,178.94904365388902
63.377778,91.51690941285283
25.888889,57.17990384516326
83.622222,82.3811102978238
73.222222,24.167058568983236
3.583333,8.961663298726181
6.111111,12.41947149803577
226.413889,210.21624972855437
15.044444,20.547697854318205
124.933333,79.09300814545131
8.866667,22.765302172035245
7.666667,24.927073314875084
5.044444,12.375136113987308
97.022222,75.85765005875692
50.555556,18.093622467801872
186.866667,174.4256398584768
18.088889,11.628876115863358
153.6,184.14390974869457
24.2,32.433664188905084
30.666667,57.14657274321687
79.333333,62.7111456352964
7.247222,12.703112131352102
74.155556,57.703832397423
11.522222,10.832798562157718
8.747222,12.694657812329497
108.133333,130.94847409782304
458.066667,293.6072020995782
3.650397,12.461455192146573
6.544444,12.836960241061025
129.0,167.82032489312013
343.488889,316.2658595377736
84.866667,84.64332609164632
5.288889,10.857551736011935
32.755556,41.73732969156283
2.99881,9.928730356196706
4.583333,11.879314977438337
140.866667,144.24880340231158
222.288889,265.69485823204207
95.577778,76.2015809870654
569.444444,516.3922278682783
96.866667,87.50933590384935
6.955556,19.203621715123194
21.688889,16.08135441666494
110.0,102.81232192585321
150.066667,88.76441094794349
8.733333,15.756605651729291
28.244444,41.18388203842682
32.711111,78.23187818306168
31.688889,18.276013501867336
4.980556,26.870134458649307
187.133333,182.7173792774962
210.066667,172.34334301020561
91.511111,117.67980137237343
24.355556,77.49446743685792
8.777778,20.11189767013156
33.266667,51.87210582310318
240.466667,252.06843854555447
136.711111,54.69582714864715
128.066667,69.50505030869773
21.155556,22.90181966516723
172.533333,170.84106091334007
76.844444,59.0914227045459
220.533333,248.46972132944666
20.266667,12.701427474185348
39.288889,35.43438527321461
108.2,84.53202811874567
3.847222,8.887982426656736
50.355556,60.87869958048746
189.444444,122.1045561387313
3.342857,12.400075680262601
235.244444,198.18349913691327
70.688889,67.57752928667244
27.977778,48.692393410927906
31.777778,31.73746295706763
70.222222,113.8969551297999
66.755556,47.74290240786327
353.6,311.0431251337412
28.577778,20.199825794869138
27.022222,91.53712531773164
9.022222,12.383863431235094
21.133333,17.390424825017593
222.022222,252.1515443613047
9.311111,22.781239417584878
53.444444,24.085497306999354
164.688889,146.29775293155552
3.699603,17.0074332258265
279.2,259.0177551678854
16.511111,12.180907670524943
4.225,23.22849169368904
24.6,10.939973002084214
11.066667,20.157983548153812
30.155556,28.820014547961275
44.444444,25.09276669103467
67.955556,51.14891064158172
11.8,18.66597466175005
17.755556,27.030460634063044
138.844444,83.1999406330539
10.933333,17.87619269648964
115.466667,198.95826465453524
242.066667,183.32041702648786
182.311111,160.84025277443763
36.377778,64.67974320044586
21.375,113.4200372146824
84.533333,22.74555667444883
5.933333,9.471312803182114
176.333333,210.05533747307067
173.511111,173.53474115045083
20.533333,23.348788595395188
15.666667,15.90913314098512
32.333333,52.04585235291791
3.790179,28.123732707509134
87.466667,129.02450871470882
189.622222,149.04113062801628
8.444444,21.249496411863163
51.066667,53.558447755446814
9.933333,14.122487637948229
90.911111,86.2910303141304
7.488889,11.683592831452623
156.933333,75.78495128717157
49.844444,32.73880456011344
623.044444,457.9212202640669
137.911111,100.39896839908397
76.2,45.927447855612336
15.2,25.84951911244086
96.288889,184.45424657783659
365.466667,299.0042432143192
325.777778,285.9332872641755
4.45,12.151789370723552
95.511111,108.73181708950732
150.4,85.07604575958133
2.857639,9.570693602091032
16.133333,20.357696383494734
2.525,23.339730138545537
150.711111,136.27398343834793
42.511111,43.491600401656775
31.422222,44.74267122851764
140.022222,92.67107055842811
28.4,29.24891400033651
13.980556,8.906099308917366
102.377778,26.937161182189136
10.111111,15.291428002616966
26.177778,17.417936303739772
6.122222,9.104583409769495
21.272222,12.021243559462729
19.733333,31.98490229936355
47.266667,86.66435729549426
60.311111,84.74261476358612
114.4,115.59347663404726
16.666667,31.050755924804136
5.916667,13.425984255310855
173.555556,230.6293064539416
14.622222,17.28222399909115
33.111111,41.199773751834314
8.888889,11.175284934830577
27.888889,32.02779512249257
275.822222,276.8134671873544
148.422222,121.41789953952198
477.244444,436.3772893496918
180.555556,201.13254997107273
3.679762,13.47088413671165
13.977778,17.559638942674137
133.866667,275.3361583604814
65.866667,32.81915846598351
19.911111,23.394413375494604
48.0,83.17854330786248
122.0,169.22447449420133
59.266667,45.480423683766375
7.311111,27.735943264318013
150.733333,158.7413195741478
208.844444,126.59900906770908
79.719444,86.59937938176526
23.222222,21.190086989478615
105.666667,126.18512279088338
18.555556,32.97719952269353
81.022222,83.62003709191042
5.308333,30.41379412777818
5.066667,31.733486924196463
29.955556,31.814436887756752
62.755556,46.04052457611778
124.355556,135.4257459018941
67.488889,79.11044409783995
25.444444,49.71884422653827
108.733333,163.93602117167254
108.911111,57.18098488289278
4.852778,13.423772517184828
22.644444,38.18367217188012
43.622222,35.61846814769807
36.8,42.7895013750247
2.947222,11.751179647815809
12.511111,34.568014175355366
52.266667,53.14709635115695
67.911111,35.6521628889684
17.6,15.441194675846775
18.044444,10.767110152873737
6.647619,10.302699993312922
53.444444,45.22650512262085
21.222222,36.71951427727702
14.844444,15.335742081307647
51.577778,61.47377371066086
23.688889,18.7633826681417
38.133333,60.01645656976178
27.933333,34.81489508813114
9.822222,12.393587271570661
21.644444,15.494173455411815
18.666667,14.164104628162745
119.688889,85.59588798294902
31.2,19.506376621339644
53.377778,12.917742497750556
53.577778,43.25342521532782
106.0,174.12995716906235
104.311111,128.4269841031385
6.6,15.013994766630866
28.688889,25.679565627401843
154.088889,189.59279244948834
5.666667,12.645906627856373
252.177778,186.14040503796468
6.194444,12.49142878211582
7.922222,13.99513740632943
92.955556,114.21467810205145
11.755556,14.732632055520998
1.901786,11.156739403008167
30.044444,55.96937419676964
87.555556,64.3868941911894
232.111111,190.7794972932458
274.111111,210.75488878361756
295.288889,275.7753871263712
5.933333,34.40462898631826
102.177778,115.66700695214234
10.311111,12.121179779745901
64.622222,33.623505097664825
229.622222,177.15164451495735
37.044444,100.81087646454934
42.866667,27.989370278635793
138.066667,130.9106877425765
6.177778,21.739608857881638
148.888889,128.0575965428414
203.219444,199.03861800730775
6.602778,10.339732362001625
12.105556,12.353233907138115
131.755556,129.93609572079595
320.444444,222.44563352614588
11.0,37.64390265334404
18.711111,66.01990420048327
19.222222,21.658030897758398
81.088889,103.32335754191308
23.977778,17.648745662552493
119.422222,46.30158304336509
12.466667,14.385483567717541
178.8,221.07341060424056
20.6,27.144807210235903
41.066667,54.47613920510747
19.755556,12.406335564753949
44.444444,82.8310390979649
8.2,30.464560672621683
5.701587,10.84682750175908
142.422222,120.54205521390905
45.177778,38.7358277136211
18.733333,131.0855876991045
139.688889,142.77839632088225
91.377778,110.48154882805788
108.6,68.95744792963507
9.284722,17.46821037060092
12.222222,68.15147017109543
276.733333,202.9691535435133
15.666667,18.487724842987497
124.133333,55.01291603245561
15.311111,27.996974104580577
9.133333,11.391323190419962
20.133333,12.472756275713712
17.0,18.64203356061543
89.511111,165.1115031264002
21.688889,85.42972477197416
164.133333,182.62980541525948
30.977778,31.316899693158028
41.266667,12.289031195703828
15.688889,16.545914855866506
5.044444,10.086439191136236
50.288889,94.59594346164691
153.511111,140.86548720150145
85.666667,49.191870599785744
72.8,88.53472700728165
64.555556,32.36786382345192
255.377778,228.0294749826636
2.370536,12.373798908026425
23.844444,30.20597638421651
5.561111,10.74554434405565
63.066667,84.05821879384357
37.177778,28.246092627480436
32.755556,47.85690601382358
115.577778,119.41987579951689
47.711111,84.36503680574029
6.444444,22.882465103491022
10.6,43.9209961848813
15.494444,37.97805382228415
12.408333,19.598908036254603
3.733333,13.511632046045511
13.488889,34.58127977534726
125.244444,144.4921977233665
4.886111,10.189376298844502
31.222222,54.968129212295594
143.955556,259.90839221646405
9.111111,11.026876710953392
49.888889,102.1412568404247
5.158333,19.984181510241843
59.933333,43.474631042365814
59.2,45.140398887254186
182.911111,169.0396539340296
146.555556,106.23807184290591
38.466667,56.19577434656652
17.244444,19.083538335621558
3.31627,10.925065981796159
2.469742,8.215455443283796
2.27877,11.655940878811352
7.977778,50.155842696317464
10.333333,9.527868716718181
5.711111,11.624261646309755
313.244444,255.90746709176068
3.425,10.578081647023591
45.775,10.406823466846692
85.244444,65.59603033458708
4.936111,11.359328501269736
9.133333,14.260482557972862
14.533333,37.77162772089475
37.911111,83.69206676691387
119.2,125.55271728709717
198.555556,182.885745785944
72.133333,36.81330992242581
12.377778,22.958248268687562
55.088889,54.35486378795014
13.466667,13.198700015694737
110.933333,59.556184017174026
123.0,53.47760063589534
10.108333,15.273871846334497
14.116667,31.88691648230698
37.421032,25.01992400595952
25.2,38.50229249085401
338.311111,281.1436794593066
33.333333,92.92513776171174
19.711111,31.428442346166147
30.044444,32.1587471454241
25.222222,24.713186048318644
5.45873,14.301097093351718
462.555556,415.8539924782707
20.444444,31.887430005153224
93.933333,73.9465248664912
15.266667,49.005655059047214
273.155556,260.6246169630893
133.533333,79.56164439178134
72.266667,120.08382867589607
55.511111,89.5382758680892
10.272222,13.957237017772721
11.977778,11.78105302969265
14.755556,61.46413939489803
119.555556,149.1866190917658
17.311111,48.00888984058364
40.688889,83.82472910653256
10.8,15.543871058133705
59.911111,38.46649762980359
62.511111,42.53576436948677
7.075,20.107570777253446
35.066667,20.46474923977508
76.844444,94.99936471499002
5.958333,15.534545656815284
129.488889,185.8217801749071
5.780556,10.117615447263114
13.711111,27.57532814026662
112.533333,76.85841221330791
68.422222,64.9648886106388
8.422222,11.324300141132698
39.4,48.05640626005083
4.236508,11.634656482876254
90.311111,147.53195121560472
30.822222,27.62596367734011
9.377778,18.322755261499005
5.944444,21.722953498541
59.355556,64.65316238337468
3.431746,12.254929202338474
136.844444,149.65827117066334
301.266667,251.40774657008745
38.888889,45.18319100764369
71.666667,65.4506497019116
30.844444,16.8247830730191
22.022222,89.45746961541595
3.591667,12.014814917843246
44.044444,29.115055473083753
6.888889,14.282572176764239
32.6,26.6796830391064
2.446429,14.128383050999794
29.866667,33.2996037103203
257.2,238.7346078966425
8.05,11.256595287878838
79.888889,63.39917996998625
39.688889,28.621294804089413
185.022222,223.98484448512087
223.911111,195.98824785046236
156.222222,206.81587270754375
162.6,200.9568254908307
130.2,119.5720823269142
177.688889,183.8639235752369
42.113889,84.8073304233479
4.688889,16.152348833878747
8.644444,9.020095902282034
145.4,179.6469180653078
50.488889,53.38600821654642
46.066667,65.32410037254492
7.252778,12.869985750102323
22.933333,37.98533903981797
98.511111,95.19492482891853
96.466667,82.21377939643145
233.755556,167.0783125524271
12.0,15.043732061412419
60.444444,64.97990191457588
7.2,13.338128648742922
88.755556,50.69687310941173
7.55,20.964587212551127
29.155556,33.452505489238916
53.266667,56.44445710694307
26.288889,25.74135486376345
136.022222,109.33530030017765
93.422222,158.34648968477327
16.088889,19.275895132420327
46.422222,50.82673534661706
17.002778,28.537295751810554
189.333333,120.10884963191997
47.755556,64.15630684515554
34.333333,54.53559170525994
6.422222,23.026867950186567
36.933333,104.595571010512
53.444444,23.705812057230762
10.488889,13.143786374892596
102.6,73.09114748657315
61.844444,52.53170891714177
15.511111,32.85732705505172
45.222222,49.54651374356529
198.511111,158.57227943187016
100.888889,101.84048708161164
98.244444,175.6465221278196
394.444444,434.5859636818589
102.422222,115.96794408194815
40.533333,101.06075046050752
4.175,9.107815862268536
23.622222,25.231288618548184
108.733333,129.91323621800592
32.933333,40.8637213791122
315.155556,244.5827603395986
5.613889,11.645957709453834
50.133333,10.91425558626951
74.755556,46.2644882059567
260.288889,243.63245856115483
5.236111,14.955011662029849
79.644444,86.04754385729844
7.577778,10.62344338402585
150.444444,121.3643598236536
24.511111,18.873302030257467
10.438889,13.88335751751686
2.9375,11.772602862147192
259.844444,214.62629364964934
32.155556,92.19990055657368
36.644444,95.85229727045174
170.152778,146.67962755318942
22.4,113.46267003128368
261.0,165.8608369041758
51.577778,49.04777007501618
11.711111,26.307828798397434
5.044444,11.012451157266401
76.466667,124.67627718064057
171.866667,191.44475557185018
43.977778,23.07820812200608
6.955556,13.388404546840393
8.222222,11.085799394523319
98.222222,87.14022026199827
7.252778,23.869569541322566
58.711111,74.88073729653303
5.469048,10.672275292845582
61.866667,49.191424671107015
4.336508,11.662847824008734
310.2,234.32237691657213
16.266667,44.006036076501495
113.022222,61.191272268930646
256.333333,272.4119893111179
5.086111,12.053313213557752
6.6,12.796416327321797
8.377778,42.6506416328057
196.555556,166.18144581340533
380.6,324.5990953739142
10.955556,20.96317623080198
21.755556,69.89067512628229
4.822222,11.750488185627912
2.421032,13.298065828668543
238.233333,142.50264184961512
9.822222,9.623238488278714
7.666667,11.038960381909108
322.022222,225.74109933986304
234.155556,249.60045240775898
59.977778,101.34945674728853
64.977778,33.8064487060012
53.266667,105.98264040411411
9.0,13.544055573566574
72.4,37.58821704093201
22.311111,23.579441770530316
39.644444,64.4075107075364
113.022222,82.93654782283213
31.355556,64.1608055208437
193.666667,188.57402852588484
509.044444,439.2518658919512
7.4,20.536821479222183
299.933333,250.1948229094684
296.311111,343.4205078863865
146.555556,104.95791959697969
55.644444,43.1848900397247
2.007143,11.156739403008167
133.4,117.26513480081591
226.577778,272.7969105456021
66.866667,64.66697938633469
21.4,29.123146434359697
223.644444,122.75342065956382
268.933333,253.79430159935757
66.688889,81.68993926665364
17.688889,11.713717218219509
4.733333,12.922891307563768
11.244444,13.08871584948965
53.822222,66.31919898639934
7.333333,14.270126966462007
151.4,101.1118234584459
418.333333,404.1906588591273
71.8,79.85669881294969
8.586111,22.127353329689377
202.111111,234.97737481157537
155.311111,158.6138129018554
13.244444,27.807601050193288
111.155556,84.69757849324336
64.511111,39.94099519678922
205.111111,163.8627784181577
161.4,134.9916546647267
246.288889,199.10788995277088
322.088889,291.68001405210674
30.2,99.55471875558747
56.511111,34.83750320172647
12.244444,12.24108541555361
43.777778,19.722805721480267
4.588889,26.615035662844512
101.266667,161.5159873065058
68.022222,125.40059200035918
32.0,27.384394563845365
2.276984,11.478913793843606
83.955556,68.67118939385327
43.4,30.427899514993864
40.488889,45.31584857199868
23.8,12.81013648313621
107.422222,40.553185247704846
27.0,23.500996072398724
7.511111,10.883304457516083
169.866667,113.89683758986777
219.266667,213.78893934688415
55.888889,48.173448345683816
5.622222,13.040910768873921
43.222222,52.37520602888817
111.2,127.85128723738177
11.2,14.894226299860161
5.705556,14.573405895033341
66.733333,54.461685751428064
79.711111,114.25483223532754
2.583333,10.496820110038502
615.844444,515.9530055734205
12.755556,11.498324281704297
63.0,40.09620904955789
25.544444,54.88662293728908
158.538889,132.47428701102424
188.288889,157.9577000739023
100.8,46.275539188126636
44.777778,21.789762652023793
38.755556,13.293265979225197
25.933333,22.87965496286927
78.488889,13.568738874473766
6.533333,15.028677581911074
72.755556,111.46822195830528
11.777778,39.00267854509446
78.155556,90.5085122048064
19.377778,73.71043826944427
10.844444,15.530804225709103
31.288889,19.513427339835914
147.888889,51.068111000051076
43.644444,32.28407349026713
115.622222,93.53177652593624
73.466667,73.71547032579218
125.622222,107.57998503328692
50.377778,123.09211102944856
37.2,33.50414580876503
45.333333,64.49015688523095
12.044444,11.277833127374048
27.844444,64.48204055052258
6.555556,14.750065402427492
369.755556,289.2897169739731
25.1,16.53920653254908
31.666667,70.63308028086452
2.565476,13.457542365090088
454.911111,403.3701982425541
138.266667,138.2803421145629
150.066667,252.54414958750073
112.244444,111.99157983409711
57.755556,62.69694784259718
28.333333,33.13265998221484
210.222222,220.08902686271722
207.933333,343.2087381148916
407.333333,354.65712029664087
13.933333,14.488742054872349
5.377778,12.422356701047157
4.288889,9.130035886789287
21.422222,29.83760682719273
3.257937,8.202785477457917
27.533333,61.61683439111992
119.355556,59.345150842296846
68.844444,78.13132393516047
7.311111,10.442716006520664
3.813889,9.67383773241156
11.155556,19.683634367795996
27.444444,73.05415850512959
14.288889,40.243251851327216
64.866667,79.06255578684873
14.222222,15.110648420141326
31.466667,22.703967425239764
22.311111,24.89859300574331
32.377778,53.188816945006785
104.155556,109.13552025324142
196.333333,116.63933261974874
14.355556,12.479665959595344
36.488889,39.5760593547074
20.6,10.286142165073686
59.022222,44.64297110008884
3.175,15.802434263371962
16.222222,26.794925040474386
7.288889,11.833508304119546
261.577778,339.660381925995
233.844444,138.08515244036894
11.0,15.062455699493215
316.911111,291.9095395805202
21.911111,119.50937072663781
17.777778,14.176397458353271
93.977778,60.003513778925154
89.977778,118.37304237698227
344.2,228.060261145039
327.311111,193.62692520061077
83.222222,76.86047375887377
146.511111,149.19485665336853
299.2,279.533949318788
8.422222,11.4499822082235
41.555556,20.666022498525113
213.711111,238.22813390207216
42.8,59.503529016707894
99.133333,83.12204192280853
101.466667,115.89906055625119
7.866667,27.301892481945284
293.755556,300.2121602868136
125.222222,137.65265659342708
54.133333,60.05944588719013
1611.377778,1233.4831044948642
8.155556,29.457934617070013
30.022222,26.588808727205727
23.844444,41.39323992210757
5.955556,9.989905009084055
230.488889,237.22118913831474
16.777778,44.23734591347567
3.676091,8.726370143444866
4.988889,12.475045523468255
66.955556,79.85380248182987
21.133333,23.343382049217624
21.688889,20.27975201282134
71.822222,61.538002268807205
10.644444,10.30518881423918
38.777778,49.035526289136264
2.592857,11.976177063471788
23.666667,78.48186166285751
54.844444,19.324397576452768
147.888889,162.32982371764504
5.091667,12.187983910650164
111.866667,63.79356824858158
53.644444,59.15005527599577
177.577778,201.35215252779298
456.6,406.82680842673517
205.133333,266.0949172721049
68.288889,68.30688380876434
19.311111,26.868622131060445
7.933333,9.362668208456784
65.6,49.248487520397774
53.288889,55.47640944757628
89.644444,123.62650927715303
26.844444,55.65839331685145
2.982937,11.347923791114603
250.311111,169.4333758556904
10.044444,9.650702253162248
3.418651,9.107815862268536
292.844444,308.7067439179008
33.8,24.199007641081486
31.622222,46.478113926431625
9.955556,11.542731008004205
267.511111,280.2690074775388
52.777778,34.61284766106625
296.466667,408.71854618776456
3.313889,28.332491842932303
25.066667,11.611197720955616
175.2,38.73898568582726
92.444444,108.1740602586359
13.355556,14.445698849228828
80.688889,109.84630359049241
324.933333,332.28991083394436
51.355556,22.525991156641005
16.933333,26.76450327933681
96.933333,101.14945566377888
268.155556,204.60817536331524
193.977778,162.04327693049618
357.8,314.2205994105774
26.266667,55.23240335411945
48.133333,78.52220850609851
6.333333,15.738808646551103
32.622222,85.18764610445864
207.111111,181.0247800009913
120.488889,146.79399107099988
3.475794,11.88928740786334
115.355556,94.99607694418583
39.622222,10.660140133375187
75.266667,47.31877464483536
191.177778,166.9906824450041
45.622222,18.302746450859136
7.288889,10.488196996788826
89.577778,35.04623465631741
272.555556,209.914713523356
246.066667,206.70277243140424
361.955556,312.8818004628864
3.437302,21.955066160602534
19.577778,29.869172264272308
34.422222,34.37798417707903
14.111111,19.92324348002194
168.555556,119.00885371535983
13.111111,33.99660802117564
251.133333,207.98036379824197
54.119444,54.541457356582235
13.222222,21.759772897698127
129.111111,65.59249346187106
46.711111,35.07034926354299
8.155556,10.430483701629939
13.133333,6.773510335378098
272.6,224.1236342993346
290.555556,325.3937294765337
99.977778,60.866994252697886
142.266667,124.83288640856097
33.044444,14.508678711629182
12.377778,22.546021214732757
16.466667,23.50817012084412
51.6,53.06995438127039
37.911111,21.23929199473358
3.219048,23.081209582732566
56.155556,31.05552872842251
384.8,355.32689446855915
46.177778,70.58401736624586
5.95,29.96793255684347
230.422222,218.935005872252
76.2,69.8650363499843
12.088889,12.710790718314056
6.311111,27.155970410642386
4.035714,51.60278195662639
10.638889,19.204902574410994
4.394444,29.87739442025782
117.711111,59.64583824187186
242.155556,135.85891023237136
28.822222,31.214423772197037
122.155556,73.41945029159997
62.644444,108.27172356864088
20.244444,40.15108308611649
29.755556,24.140468757533466
31.911111,26.15649685832808
20.511111,54.45309300763734
20.644444,18.450117826473534
80.888889,89.53954986372906
38.8,38.189868404952854
57.444444,43.60708339753524
255.755556,188.81522049457658
23.333333,25.982484739507914
66.333333,140.33062499363356
13.2,53.43250612060494
5.163889,11.316168106724412
32.688889,48.83247848169883
38.0,25.696602755859903
6.902778,11.075774941535029
50.422222,56.36778017393224
4.272222,10.3404234684818
76.0,82.35382898745812
144.511111,167.14464018215287
38.266667,62.578905345638304
41.066667,11.961466633940391
16.0,31.857482405557512
13.422222,48.82169796847781
20.488889,30.42433770848908
9.177778,29.331034665066564
4.463889,10.23497006026957
133.769444,145.67124986597736
11.533333,12.470406212200677
43.688889,62.20475134516645
13.577778,24.54963206878027
63.6,30.634213599769783
17.288889,17.298016567648578
195.488889,172.38049396733126
124.511111,67.6294952729465
27.866667,58.5427972927361
17.866667,26.483294398944082
18.533333,45.03637993378961
7.6,11.907672660069906
26.533333,29.537667436118543
177.933333,143.3431124919906
31.8,29.548078988455288
47.177778,34.4861792416649
104.044444,77.8006144245559
6.361111,11.64093491503054
243.044444,181.8495892691182
63.822222,67.84194319964358
31.244444,134.70880909563235
29.111111,18.46435753184755
67.2,31.58629722206356
97.8,119.71209072464524
140.355556,139.44146558798911
3.4,10.544104933621162
85.4,171.21929870082997
46.044444,85.57096782514081
192.022222,151.7596962917114
33.933333,18.044896619014832
5.609524,10.872679269237828
159.866667,184.52505117891138
109.377778,88.64650865931354
23.355556,38.02858187675487
203.844444,194.3877032297559
21.577778,36.6049793481176
74.6,44.54718867810622
17.533333,31.741247196615408
12.213889,24.473406738256006
343.955556,291.78655834541837
8.038889,15.843206867877791
108.422222,119.70174145485845
26.644444,49.66015582792188
4.949206,10.12361324045754
164.111111,114.39029021257402
249.177778,225.3422100930178
88.177778,40.08019828352168
3.58373,11.15496691784891
156.6,194.7883643018863
24.4,24.868345861892198
5.241667,13.247108723192962
50.866667,24.276732371912317
2.923413,8.612174376174936
5.294444,12.619694604107426
49.822222,138.84098363943252
14.266667,50.98581810800934
103.0,109.61962111249889
14.377778,24.348830079634013
58.533333,49.20343912834794
6.302778,20.316236791010606
8.088889,12.554661816391729
11.536111,13.249644484147465
12.955556,22.462907035553176
8.088889,8.54790529426423
11.911111,13.638603310963843
4.047222,12.4529914150707
29.577778,25.663714398064148
12.866667,37.28668513492982
29.355556,88.68068091973763
52.911111,162.30058776137582
16.311111,13.880883817879477
18.066667,45.20132919162171
12.955556,11.469747860956247
43.733333,76.32070408552114
114.866667,107.43242523394393
33.133333,41.12814064237937
6.711111,10.61781466194487
19.533333,23.19066546531415
28.911111,169.69989457048985
309.355556,301.37653613615987
132.911111,65.76843621138133
119.955556,90.42047601089845
73.555556,65.84239581880257
152.8,147.97100807705465
49.666667,146.61443183050542
5.866667,9.384852287595221
23.266667,23.16200608148477
167.377778,206.81210505448715
8.111111,17.70990574870974
13.711111,12.366957405336077
14.980556,21.733486768670872
3.782937,14.348026569493157
5.177778,16.68849143983428
33.044444,33.04611032180267
177.688889,192.97993056999167
21.955556,23.20307212040197
244.155556,189.76312688315133
241.311111,259.3998691359957
333.377778,289.4900566781905
189.0,150.4672411170272
15.888889,32.38737969709262
281.377778,245.46118326197768
73.977778,58.3158569399684
106.466667,63.89841577156602
207.533333,334.5853746938828
20.755556,42.84996756540108
8.119444,51.99203296036106
60.088889,58.94867665120292
84.666667,91.08603497158938
1773.733333,1323.2899556321213
395.791667,322.109839091073
116.044444,167.93925761928728
146.644444,193.02485460668083
16.8,37.41024022562807
10.577778,18.096429487578902
146.777778,150.69595407077398
8.288889,36.10363017471337
3.107639,11.967471370553458
49.111111,28.744393456860347
590.844444,397.9845772099017
422.755556,421.81385273113557
26.888889,45.38320284036917
72.288889,80.841465907874
88.533333,88.16370903649664
261.8,251.36893456841028
30.133333,27.721435240183524
2.557937,27.205305559119967
4.666667,12.576600971074114
109.488889,123.73601275134891
22.888889,26.399305011949853
31.4,41.913578354828395
4.5,13.710519210876877
236.488889,273.8259110971204
12.466667,13.47906610424783
103.422222,43.82726281825012
188.266667,162.00182384294416
101.155556,33.99766066808428
98.444444,118.52040092652058
44.0,119.45669214408836
34.755556,24.581571718476734
11.044444,15.15035804618564
72.955556,62.246572161504126
150.4,178.523905353973
26.933333,28.310121633282222
59.844444,101.58961309252601
22.644444,11.917975504675121
8.07619,43.40133686237671
30.377778,26.733100917623695
29.977778,28.16224878332156
65.266667,62.59925594984885
26.911111,33.42215416778316
2.525,11.303722338350422
50.511111,53.62448464900415
6.40754,16.312215058789075
4.577778,92.75295076383831
5.969444,13.788613362437047
14.822222,47.54094407085446
73.4,75.56026843666783
171.066667,227.52384348527207
13.755556,19.684039361263117
85.866667,46.729895105047554
11.8,14.320098677827403
270.822222,259.8330723795108
241.422222,196.439250712869
381.6,256.5656359587733
2.70873,12.28565555896488
176.022222,213.78962797635526
51.866667,57.82274868438607
173.044444,184.91791585523112
16.222222,16.50380968972916
24.0,18.347347263010846
19.311111,21.71342257719605
103.088889,104.05086606560828
74.355556,112.04679226309683
10.777778,11.446960966687051
19.311111,10.560564288836966
5.669444,20.33499379144293
54.488889,55.155074885205444
404.022222,236.78882121156082
12.286111,40.4430013276868
6.249206,30.74966209220231
12.244444,17.955575939523204
152.377778,105.29142692554177
35.2,23.118797166492477
9.577778,28.612365490216064
31.066667,34.20740537692725
35.466667,32.130054904267645
115.6,134.6407885142266
26.977778,21.70474359694379
36.733333,49.73998986090891
9.977778,11.570978674277463
358.4,274.9313713651945
31.555556,45.421621981304654
15.022222,30.70624430929353
25.888889,55.37366130501711
33.6,42.63600715738965
8.0,13.734978132834948
94.133333,128.84009935740602
353.577778,378.80439484277053
22.715278,30.32770056517263
343.844444,341.4404978201807
41.311111,19.397050177604452
58.933333,58.310416339820364
14.222222,27.478644831534762
214.644444,79.40328690582434
287.355556,218.7284622236897
28.755556,51.34103534175552
9.644444,11.595031582692611
23.244444,17.80117568738487
348.311111,539.5744534922442
6.166667,10.723237646767211
63.955556,110.20644618735415
53.533333,31.64815100921096
244.133333,210.39399381285142
225.2,251.00394260578432
31.688889,53.797212204371256
101.4,133.65492034935386
8.009127,24.55937832870344
173.911111,107.51819773557988
16.755556,14.413683517172597
163.422222,91.73328235001522
104.777778,54.268424373068434
10.377778,10.616103385327497
55.066667,50.679780131559404
243.555556,194.185182452666
24.355556,11.827192706708288
13.688889,13.190729174040266
6.2,6.8757979759005705
57.244444,41.5694457776137
10.333333,13.073960575680424
32.6,131.63370351896572
58.155556,89.55171501898982
18.955556,15.752839762603474
81.488889,79.5079179037202
172.222222,128.29138290692265
37.666667,97.61051813201856
459.0,396.4885640577183
192.333333,193.45141645094967
279.555556,364.5690304681685
16.577778,22.272248101594705
27.844444,31.899341985252363
108.911111,103.37229966780629
14.533333,15.207559636043582
3.717857,11.287747053935501
1.996528,12.441046817428964
6.413889,29.574331564681412
107.933333,75.58676154639949
10.902778,10.274296657099432
47.311111,75.77889772275705
21.177778,17.16895020345165
3.785218,13.213204817478324
7.977778,11.118101548636707
80.711111,101.4909301700084
103.822222,59.948917899099335
5.333333,12.730042380692375
6.488889,26.66054572463721
93.244444,85.52058880190144
46.0,13.134241073347473
182.4,175.87955305076463
3.03125,14.782544225910907
70.955556,83.75373594201079
7.533333,9.427683675009789
16.933333,18.175829252713676
50.022222,73.53160686521564
15.666667,25.179518202906642
6.177778,12.26384700976232
7.8,12.545220948093426
164.688889,124.08277618473419
357.511111,333.5166871816981
36.244444,22.795330398090524
2.631349,11.1835193078967
372.777778,203.24670615252322
51.266667,38.69180694163659
15.3,11.766302355112478
125.177778,46.10303652453306
5.036111,18.138775763705368
11.888889,14.380071276192242
82.688889,80.53596511858356
7.666667,38.16566558311013
8.711111,15.489024698808478
74.711111,67.89965672182174
11.911111,12.530614238338783
30.044444,53.51394757450949
3.496528,9.322222982121055
4.925,15.2721303841292
54.488889,70.13366954728036
36.266667,115.0662888960131
8.955556,12.600525254736933
109.955556,82.593286362487
87.244444,121.45168524957201
58.2,68.34037326109812
95.866667,97.47479671724913
173.177778,221.70012470291098
133.622222,100.06774019583283
80.955556,125.09094596376433
20.6,21.16015209300745
90.8,78.77938545660433
32.755556,44.98989522371307
5.175,12.089781704879538
7.044444,10.459588050976187
7.758333,14.631872621093361
34.644444,27.909177315689394
32.777778,55.43329602878555
11.577778,16.520408077059113
22.361111,11.52592113058177
60.733333,94.75823651408801
9.355556,12.043106038675417
121.733333,170.47720415899704
7.333333,10.128587779067201
88.933333,73.17223339765468
150.511111,84.99142379757822
3.733333,10.899211782413257
61.955556,46.08592326582253
120.311111,99.21819825526717
67.8,33.646219925650215
370.044444,315.86355164248397
38.466667,41.46225124350256
24.888889,39.86982119558084
24.177778,27.14763622147845
42.4,39.99123455718279
130.866667,61.74956767696392
18.155556,46.76695031650887
160.466667,154.6221683612785
60.155556,57.71582226691468
62.111111,95.98283055863682
8.311111,15.37047095809549
3.679762,10.831859547062576
192.155556,220.5229924789766
100.044444,82.12778887058816
138.355556,127.54750212388015
205.111111,75.43345819603692
68.066667,72.09723156480686
3.472222,15.823222110041938
38.644444,48.44104955708651
44.688889,28.45586434886996
19.088889,46.38456452001246
47.511111,38.724968616089896
55.977778,28.336391606864765
9.266667,22.249733816328483
47.644444,79.13291874314676
176.311111,149.46754724956568
36.333333,82.17541658834843
20.911111,12.903871277677563
47.844444,43.89606169238854
153.866667,131.00751791972522
2.59127,10.43564287659038
29.466667,38.16378786929298
63.177778,67.86876484648998
5.6,8.939724031875995
218.288889,265.2399280579517
6.088889,49.84107502172391
165.044444,178.56835000262058
56.6,30.67133535533018
4.004464,13.280248563959779
82.8,73.34756256281094
271.444444,333.0378168420173
233.955556,232.26681379176767
3.163095,25.181459997165028
6.036111,25.906562603588235
78.2,79.71524444785281
111.311111,126.39981627296949
4.602778,15.183902583977556
225.466667,210.17871056785614
34.8,40.1713784845788
12.222222,15.211952092708483
52.177778,113.11770824090777
112.533333,80.44273425082811
64.2,60.52233603662859
5.455556,13.648222251725965
50.933333,51.63822429789428
49.133333,43.564897916238465
104.177778,57.91791308734847
223.911111,195.29215214316196
8.75744,50.41938325529086
4.655556,11.48926467610319
29.444444,15.859426053484516
83.244444,117.14117348757756
163.444444,135.69864400923458
8.177778,14.526494496184002
20.2,30.315635068222186
49.822222,67.94293919895719
8.726587,23.831406200408836
9.266667,31.04135428591204
48.4,29.659397418016077
2.972619,10.911140296314787
45.111111,30.65365099474347
11.711111,25.553557064820026
202.177778,69.1585232379002
204.777778,189.98824545275744
88.0,106.1226394932059
40.311111,31.65198471764489
321.533333,383.5494378580446
15.866667,75.5542242457631
102.933333,72.57624104750201
5.447222,40.46334230272052
8.066667,6.260877908479721
259.577778,253.78955712961934
3.297619,9.899838701854149
25.8,26.50776264536182
274.844444,204.35580175510134
79.222222,44.64867368269803
62.111111,32.678895676298914
29.266667,65.71268424700888
265.866667,249.40814740257076
61.044444,25.400512104273908
20.466667,36.16676011078682
3.822222,39.13506333474787
22.222222,11.836793280357211
105.844444,118.08812387717408
15.911111,13.1648832832263
38.822222,34.05071916338676
229.422222,235.469741249956
787.666667,810.0859825661353
8.244444,22.497230692361175
16.422222,24.86636775530482
63.844444,63.92405377146658
140.625,149.8896067745891
53.111111,63.10738215578919
6.111111,11.992952934887946
2.803175,14.053908464914793
213.888889,226.0417849847553
17.911111,12.975220735569609
142.311111,82.52577643248615
73.861111,101.92714994346842
24.622222,32.16929768011123
155.244444,109.9512953178426
145.177778,193.36753605848543
14.155556,17.412391430446295
46.177778,34.31408952819325
26.622222,56.887929017907105
22.155556,31.85365107845024
30.022222,27.62430154803626
71.155556,65.19289668591631
104.488889,159.36884373745045
88.6,43.84903928539979
9.733333,12.364230632038085
235.755556,176.95863245592227
25.666667,43.433633703680506
243.622222,224.50222178802434
268.222222,256.1251095373163
235.222222,263.79111685099406
5.727778,17.783449698195295
187.955556,70.53166957174506
375.444444,367.5824539049464
107.977778,149.87778504572364
195.355556,183.31817356198664
91.866667,15.455928607931618
178.244444,191.52523457133302
161.422222,175.65354017845942
121.177778,137.5727911979076
38.266667,69.57359213595399
14.066667,6.746810410715959
45.755556,18.509318306945836
167.622222,209.9573235870094
150.111111,128.12461295789828
3.517857,13.889906976314203
92.244444,149.08655996070442
14.533333,26.61530059139061
506.333333,450.1558561120414
184.0,199.6614562234354
562.444444,507.5137670797209
100.533333,146.30789393277584
49.111111,34.83615035689275
12.066667,11.843474001366435
179.577778,146.75385842971676
51.733333,34.05821065143917
28.911111,31.063443227550575
17.177778,11.58395992677368
193.177778,124.94874934435374
109.333333,52.97751010967986
2.965079,11.202901930931379
84.755556,54.751495319688125
2.372222,11.539189347225092
122.355556,122.77359490583348
80.755556,124.14778295321423
70.155556,98.98981541692702
22.044444,24.380876797256178
169.444444,142.68444104430228
37.488889,32.76242977080802
97.266667,53.42564558369327
22.044444,14.484458665076726
55.488889,60.88504755579351
8.244444,32.4162618490257
8.444444,38.895545491926285
38.288889,43.444169794830124
248.155556,252.43404358559272
5.666667,25.56530687514134
53.022222,99.57487616109988
38.155556,87.80494155219039
31.666667,36.21045046985595
141.422222,249.5067437932609
182.155556,168.1728523604392
76.488889,186.0474357133501
266.377778,191.84998717968148
3.822222,16.065633711085457
295.688889,224.91086100570305
139.644444,165.7225092857245
38.955556,30.629266073154295
209.266667,230.55061956485602
6.838889,11.317938242140785
11.177778,97.39958625546606
8.466667,11.107258339796413
15.888889,23.510028634685572
6.111111,36.73592633982801
19.466667,34.87062225588242
29.888889,43.97198715811057
148.177778,135.96456467316207
353.666667,354.96297454427213
167.244444,148.4628463719443
115.866667,147.6843862135444
78.0,63.33597922148625
3.691667,5.281986794373458
2.756349,12.236872178582594
21.2,43.043031188254766
31.111111,52.676481188130836
4.406349,9.572664338656983
24.355556,64.18991314954245
7.711111,45.92114195216544
8.430556,15.636071105533876
58.133333,55.37840320842375
151.333333,131.22674663125673
153.244444,172.3844388105955
251.6,191.35504742060627
66.177778,61.350746530733105
75.733333,82.92233503588407
5.288889,11.459137632767533
40.222222,42.66166634989368
273.2,231.02409393560933
91.755556,148.5876909387632
4.30754,19.38141638389208
47.2,101.10602077972398
8.711111,24.40562451888508
25.488889,12.356464406889472
15.088889,22.20758342118668
356.444444,317.62617926424053
12.244444,23.2357951363436
12.133333,16.287338689509316
19.333333,35.91081392751871
4.6,11.162057795933189
209.8,187.77733831722637
166.266667,171.5701299660773
4.127778,10.968209783162644
5.558333,22.051303790731946
91.711111,50.95236682910906
573.911111,417.95216310391334
4.380556,9.461871301863649
242.133333,217.68524892171848
51.391667,59.951218739557206
16.022222,27.665166856382992
10.449603,15.90256876134722
177.066667,86.83402573085817
152.933333,138.8274493050725
24.044444,20.495010129510753
19.636111,47.93616016182587
183.111111,235.2101651333394
4.530556,10.872171938438756
7.191667,27.90194128657818
41.977778,49.3123151504313
230.422222,203.42710448757737
27.488889,18.489468467007136
31.111111,17.91542386451343
142.333333,192.5023746272002
66.0,46.02561740977582
174.422222,95.05558171504093
42.377778,27.328515428155598
209.783333,151.76094064895142
38.2,24.588253357863962
23.066667,24.018230654599595
11.4,15.098467885107754
6.196825,9.277943858402676
429.222222,339.4135107600743
101.0,73.08823925142369
36.4,36.54847688194347
33.511111,82.22835818368706
13.266667,16.389210254462846
48.466667,68.60908502275154
101.2,70.91029407261681
85.2,110.396593789792
15.577778,19.62722011362554
349.575,428.2755307358539
63.377778,40.20705441442638
20.280556,37.3719670869573
48.622222,48.46468307427267
66.2,25.581675093829258
2.636905,31.662809104858866
228.555556,179.50582404681396
92.111111,78.68200908395106
121.466667,66.19078379135611
48.133333,80.48618871618038
12.6,22.909985057204
90.377778,151.25274571077736
17.933333,12.371879719036984
31.822222,50.10144439953198
54.133333,71.33815033438917
71.911111,112.23824593544911
61.466667,41.53758677880179
271.066667,237.15082625103275
45.244444,29.543908329043756
6.158333,28.54550630912701
41.777778,40.88188350105834
34.555556,34.69610429713119
22.755556,9.617907978924592
14.488889,21.50850105517574
51.622222,51.63519949646502
14.0,30.07669634062341
111.311111,86.59081740486523
27.355556,24.988755825725313
67.488889,101.93848547609645
2.913492,12.2175342044342
10.666667,13.346293980000297
25.844444,83.08383641835474
41.933333,27.35944660128141
55.533333,81.37907591544807
17.444444,86.5847571424351
285.911111,211.11520964290546
6.911111,9.533832177625248
81.155556,107.15853513475841
48.933333,81.96501759534691
70.066667,64.72639649029028
34.733333,63.55672392765849
3.097222,9.98470011304458
260.222222,193.50517617808617
204.066667,176.50202815379342
50.377778,49.08249122170705
113.066667,85.4832584813553
43.0,152.69158572037162
12.622222,13.437050050855976
54.488889,31.789901359510843
9.288889,12.057591761902026
47.644444,62.660706429220426
232.555556,210.69738609302487
205.266667,151.9382551050411
157.044444,193.93876338786075
5.891667,23.688495618494525
52.711111,48.04666165168994
31.377778,11.766302355112478
4.835813,11.948435400953235
125.866667,88.72037568653457
2.996825,27.768336651597814
470.244444,402.68434049260753
14.644444,20.074793835546895
4.469444,11.379784785683087
96.511111,191.10082662089795
184.777778,115.89411159949054
12.4,53.72288343135218
153.311111,112.90645749385841
375.2,322.4759766608121
222.688889,278.1899950681357
195.511111,102.74850441787645
271.466667,237.33625006394004
82.777778,40.189344532101465
5.855556,15.941551382503837
57.733333,88.77320977248826
192.711111,156.75964550926926
54.777778,63.30432300219763
15.822222,16.23916515578822
26.111111,13.998439348380382
3.658333,21.544196402003877
9.955556,9.078982660964847
83.866667,89.30701020468484
6.644444,11.405760910091104
149.555556,138.36202715951896
134.577778,138.96762911957418
37.577778,18.52019822485389
52.2,70.59745646097046
361.577778,318.8280446150572
9.286111,17.58544555088255
264.022222,223.93224645206283
50.711111,69.13478878999169
5.177778,16.08474829567488
69.733333,148.26044765088724
267.333333,247.89755424148916
72.355556,40.8369121328922
12.755556,9.253920880491366
68.577778,37.081076047969916
26.022222,39.77925457545358
4.787302,13.657135031204009
20.0,12.544807145692426
23.622222,71.61770668218468
11.555556,15.99358588822413
53.422222,27.159521572190325
62.444444,113.11649885349482
11.888889,15.823460029893024
40.955556,20.68458608342747
38.066667,40.95575643872882
166.755556,81.1742997759304
3.923611,10.932447989606848
46.177778,55.007307823352235
146.333333,224.94396121198403
125.377778,92.77097062914088
44.088889,25.95744100943939
412.133333,381.91499940622765
152.847222,181.67890055945122
38.311111,30.174472305340597
94.488889,45.597334864800615
86.422222,82.20569205019736
10.022222,12.187183533958303
84.111111,33.77109223069913
32.555556,30.69109102747648
182.066667,172.8652203810713
25.688889,24.440591229889325
11.288889,19.229087865348315
28.066667,31.066427282717274
257.711111,148.37996314070185
6.644444,11.217052830241235
11.333333,28.07160902355746
10.111111,27.467574759712406
183.955556,211.91159793403827
460.155556,455.74509125093203
85.511111,60.960480506680554
17.733333,19.55216154478973
42.577778,35.38683052012641
44.111111,84.36940817759628
4.602679,5.235530732571457
41.044444,23.885896582672864
93.555556,88.28718202904548
27.822222,19.263968400780477
89.244444,53.90529578220149
628.244444,517.9007436391973
161.8,142.76303051952073
83.111111,107.88575275179545
159.911111,174.90252979261686
18.822222,11.497972041738912
5.458333,13.223920270837713
92.4,104.36458028300785
20.466667,22.810694226783564
72.044444,54.539068188789265
272.866667,187.61432026703994
205.888889,143.46220760675672
3.916667,12.523190505231078
203.666667,270.27000263617884
2.772619,21.57977435809872
50.644444,31.764134881810634
20.822222,47.74786105754063
178.377778,182.5890020697706
161.311111,160.20804853339433
274.822222,281.7483528978609
90.222222,78.14201860220989
175.777778,136.24941225271016
12.266667,32.68647901521854
15.311111,28.942355276644914
4.338889,35.48223687559832
65.422222,135.23553720489483
4.205556,5.793307169234542
102.955556,71.43515381308818
44.244444,77.49395922279618
319.866667,259.1258313534712
118.6,97.00144234158435
96.688889,119.75968916137847
29.111111,50.23367613129828
204.933333,165.22971094915255
3.622222,14.42147194948708
61.666667,30.33858990406593
10.933333,31.151206742161026
5.422222,25.94414950463833
85.422222,60.771418471921024
1223.488889,961.5557488511429
9.155556,5.889504656482005
69.688889,28.300480822735665
18.622222,30.67524372300577
22.355556,75.49886492954181
3.059524,10.720458501612145
11.777778,11.469747860956247
21.955556,51.78097942753621
97.711111,54.201025850500656
192.0,155.37100694471846
97.311111,117.55522133867186
55.8,54.586965999018695
340.311111,295.56755514638394
54.6,42.17292150704925
3.08254,15.51330491021632
20.311111,14.379270411367536
10.111111,17.048188182147772
110.222222,117.05672126228141
42.955556,34.72915541803662
58.688889,35.76714478815171
37.355556,54.77088103365944
179.422222,132.76078123867046
22.088889,22.87153918049413
38.311111,26.2688043017366
64.066667,33.47683746974166
158.711111,206.23269369860864
14.222222,25.622459324788824
18.377778,12.83603285426306
186.488889,253.96768281386792
4.377778,9.557582807921122
103.155556,33.044886591838306
78.688889,92.34034330975517
21.222222,12.227789896902198
42.888889,46.89146823251528
32.4,16.777880233327085
9.155556,18.179842423786333
11.333333,24.745917012949818
9.666667,11.701063681634288
22.0,33.133232280387126
3.330556,11.522240181950538
2.168651,14.681239516764474
91.044444,121.98562402708272
7.0,19.8067877009722
18.955556,39.009585349635145
124.355556,95.27895643490116
2.723214,41.783137265172336
41.244444,38.50221473702581
46.844444,70.07554387460613
1.961111,10.42309017018317
156.044444,210.7702361598192
150.6,139.5626393373782
69.466667,55.68132585052458
100.911111,179.6376873556694
6.133333,24.639852751212295
24.111111,44.18590275280381
3.758333,11.867658593075673
131.666667,104.86411290530084
17.933333,22.023879086854922
72.6,62.095470791674266
9.768651,14.278143702120403
205.288889,127.02083401935889
4.259524,12.754628138803707
139.466667,156.18332783190132
124.466667,114.0847261630429
64.711111,122.0887629825964
139.177778,123.37645457571138
23.311111,30.781833892176373
37.333333,27.184355792509233
53.2,30.919784109486677
124.844444,111.74444299497529
210.266667,216.68167664654658
20.755556,26.772588625019807
8.977778,12.18879014446392
314.666667,295.1887626484817
394.111111,326.4384188370696
34.0,31.106974899441585
2.883433,11.724990289279337
15.155556,18.65312362387187
142.711111,94.12063543373765
55.822222,62.02247149457504
9.266667,12.581661401706226
26.044444,13.90531469294939
326.155556,262.33251470467405
171.577778,167.03913158047416
72.2,56.445477101654404
3.060317,28.584406959990908
9.511111,12.428909525854037
52.511111,28.389938028903284
94.866667,131.27652018094042
19.022222,18.850919206047212
148.822222,190.6254394686962
30.377778,37.64141495117569
21.488889,27.803624021246005
9.4,11.592814896052259
87.444444,75.89513680777338
3.834921,9.945824227351546
44.733333,70.14352473361257
29.711111,38.79226095794083
15.533333,38.83451017280664
89.266667,139.39731424198192
37.0,26.208195644982364
17.555556,30.53437385113795
294.844444,262.37330017515154
236.288889,134.68813829974744
107.622222,68.53963815623857
123.866667,109.36639524181183
15.177778,28.640245012137903
54.355556,51.19078413024764
291.666667,518.3062602249905
65.4,82.54481347581283
232.955556,247.16074794350038
27.066667,18.580566194208586
16.533333,8.868876474898773
6.144444,10.823292922022555
199.8,204.36096223454766
21.088889,99.74348299056568
23.911111,51.49429130806268
245.733333,216.09718202119768
91.777778,92.92694966827084
19.2,31.414030153407662
141.733333,123.04902858508629
28.688889,67.37761607899051
17.111111,25.13471039865058
236.541667,103.97520098417242
144.111111,167.71084517170073
2.482143,20.23093255396853
112.8,31.630741870976955
387.911111,289.462207239957
178.822222,114.10594031656957
24.977778,31.085052747282372
5.977778,16.256361127481018
14.066667,12.725049736484536
3.264286,24.901210107026795
2.72619,9.55423942653149
72.288889,129.74060049998158
5.548611,31.905832473921926
40.266667,20.915848372126447
22.222222,25.130343676621226
21.822222,48.92054749723951
80.844444,18.450000365936233
10.266667,21.93267927088279
228.866667,271.807286272149
88.377778,98.32226831389909
43.022222,41.7432250654122
33.577778,84.18910490211375
15.6,13.146295485894447
57.911111,16.02121373749185
228.622222,230.33631276106215
80.155556,121.41738843804865
43.6,20.095667216671835
49.644444,34.61902427630156
504.0,129.14379926159518
63.2,109.00733004873099
64.133333,87.4793188253052
8.644444,12.413847347115077
49.955556,57.31257419295078
175.511111,347.14284091356365
14.755556,25.237209060779602
239.977778,199.0791169776667
9.693651,11.757574768336783
226.422222,266.7484993990295
92.2,92.87112108016666
35.444444,29.949719413085965
108.088889,82.75236265113975
47.622222,123.43904098873845
12.977778,36.06433429620329
247.044444,223.47773387308706
2.683036,7.9034152196941525
64.4,57.459395811578425
110.4,141.13443936380474
36.066667,87.75698902444788
10.466667,45.84030847002423
286.044444,264.18188510274405
42.422222,36.90527472124642
24.111111,12.33086742055942
4.413889,11.918355363095632
25.155556,31.913167165326442
115.733333,81.27538800908988
143.288889,222.32082446058004
6.480159,11.849016933709137
176.666667,248.75981856719082
42.8,21.61655714724855
10.963889,25.778974874044664
136.911111,162.90014168578853
44.466667,45.43813679563266
4.011111,19.52510859983429
88.844444,101.91913325180136
11.044444,11.215657941574289
159.733333,153.28947490816284
167.177778,119.44206482452506
19.244444,30.519106487380004
6.413889,23.93291218806483
66.911111,79.074980556496
42.933333,53.53952508104271
21.044444,12.501122512881302
13.411111,22.187320713878595
24.688889,30.283918672314183
30.844444,39.27326948277276
115.577778,165.71994288774687
30.533333,36.26759357624078
184.133333,200.20092863272177
19.244444,19.759278005043562
17.511111,22.81594562391802
15.444444,24.335696172894725
68.888889,121.65887429116913
14.777778,38.00882655884162
313.4,463.75916316143963
5.044444,11.389248476446088
73.355556,137.41514352529418
129.622222,15.944170709211017
123.444444,111.2185357101419
94.177778,102.85584044850563
67.777778,74.87278289295273
203.111111,169.46318010986195
59.844444,48.3114119186373
7.377778,12.367730002526335
15.511111,22.28628268777294
15.488889,20.685662754380466
3.234921,6.91089512563556
23.6,23.219328974690033
29.111111,82.95300527429603
8.094444,11.926988086188949
179.266667,160.54562597611812
8.088889,45.15185922203796
25.755556,24.847178600870464
6.172222,14.92122193704796
8.777778,32.61277423797212
32.577778,43.586781881478224
37.444444,43.74492969491277
12.822222,13.648962242198515
344.288889,235.42659202404954
41.822222,66.92053868797964
32.711111,34.97248682180663
45.133333,206.56772729090096
71.311111,37.855858897577214
68.133333,58.35796357956453
121.066667,149.2762470161141
2.399306,6.6881160452060255
89.711111,86.35872220185502
178.177778,154.36575407697757
3.002778,23.014497016682522
35.377778,34.22688835310394
28.155556,51.47055447219288
65.155556,124.53515549447233
137.977778,157.30248066036302
9.044444,21.35907552006357
41.155556,91.53116997288744
34.666667,58.77343300426917
14.222222,20.9201058211188
37.133333,27.181808865993247
33.066667,34.1965809785795
54.288889,111.63907808621123
120.911111,66.82338096501132
6.279365,16.752824868209935
40.355556,38.27666617329113
11.822222,41.65483087382686
38.2,58.52025633234045
350.733333,272.31694546284376
2.288194,10.063394803638563
35.488889,26.320298220446315
3.437698,11.57092025639917
52.644444,31.17552587303148
7.960714,16.139400483432425
26.577778,21.053286895209173
3.095238,15.240063216070487
23.444444,45.61051914993251
4.030952,13.425294929804668
139.733333,234.03332329225242
322.377778,304.1376253466287
8.6,15.506153422569144
6.269444,11.931647828618875
9.444444,32.316006293235645
